{"cameraMode":{"drawMode":0,"name":"Shaded","section":"Shading Mode"},"sceneLighting":false,"audioPlay":false,"sceneViewState":{"showFog":true,"showMaterialUpdate":false,"showSkybox":true,"showFlares":true,"showImageEffects":true,"showParticleSystems":true},"in2DMode":false,"pivot":{"x":51.16868591308594,"y":77.00287628173828,"z":-5.596907615661621},"rotation":{"x":0.028659513220191003,"y":-0.9152613878250122,"z":-0.06564856320619583,"w":-0.39653724431991579},"size":22.0,"orthographic":false}