{"cameraMode":{"drawMode":1,"name":"Wireframe","section":"Shading Mode"},"sceneLighting":false,"audioPlay":false,"sceneViewState":{"showFog":true,"showMaterialUpdate":true,"showSkybox":true,"showFlares":true,"showImageEffects":true,"showParticleSystems":true},"in2DMode":false,"pivot":{"x":7.8566083908081059,"y":24.650178909301759,"z":6.791862964630127},"rotation":{"x":-0.08919643610715866,"y":-0.14680948853492738,"z":0.01336384005844593,"w":-0.9851081967353821},"size":22.863069534301759,"orthographic":false}