{"cameraMode":{"drawMode":0,"name":"Shaded","section":"Shading Mode"},"sceneLighting":false,"audioPlay":false,"sceneViewState":{"showFog":true,"showMaterialUpdate":false,"showSkybox":true,"showFlares":true,"showImageEffects":true,"showParticleSystems":true},"in2DMode":false,"pivot":{"x":-41.29021453857422,"y":13.225397109985352,"z":-36.45088195800781},"rotation":{"x":-0.06948348134756088,"y":0.5540026426315308,"z":0.046474043279886249,"w":0.8283193111419678},"size":21.576547622680665,"orthographic":false}