{"cameraMode":{"drawMode":2,"name":"Shaded Wireframe","section":"Shading Mode"},"sceneLighting":false,"audioPlay":false,"sceneViewState":{"showFog":true,"showMaterialUpdate":false,"showSkybox":true,"showFlares":true,"showImageEffects":true,"showParticleSystems":true},"in2DMode":false,"pivot":{"x":75.14329528808594,"y":24.202512741088868,"z":31.507352828979493},"rotation":{"x":-0.05886759236454964,"y":0.8630356788635254,"z":-0.10633619129657746,"w":-0.4907595217227936},"size":2.8578836917877199,"orthographic":false}