{"cameraMode":{"drawMode":0,"name":"Shaded","section":"Shading Mode"},"sceneLighting":true,"audioPlay":false,"sceneViewState":{"showFog":true,"showMaterialUpdate":false,"showSkybox":true,"showFlares":true,"showImageEffects":true,"showParticleSystems":true},"in2DMode":false,"pivot":{"x":57.652130126953128,"y":21.552574157714845,"z":72.59583282470703},"rotation":{"x":0.0017107329331338406,"y":-0.9868903756141663,"z":0.16160187125205995,"w":0.009506123140454293},"size":39.60000228881836,"orthographic":false}