{"cameraMode":{"drawMode":2,"name":"Shaded Wireframe","section":"Shading Mode"},"sceneLighting":false,"audioPlay":false,"sceneViewState":{"showFog":true,"showMaterialUpdate":false,"showSkybox":false,"showFlares":true,"showImageEffects":true,"showParticleSystems":true},"in2DMode":false,"pivot":{"x":11.864949226379395,"y":-1.5291565656661988,"z":5.139479637145996},"rotation":{"x":0.03395251929759979,"y":0.3318392336368561,"z":0.011034189723432064,"w":-0.9428526163101196},"size":2.857883930206299,"orthographic":false}