{"cameraMode":{"drawMode":0,"name":"Shaded","section":"Shading Mode"},"sceneLighting":true,"audioPlay":false,"sceneViewState":{"showFog":false,"showMaterialUpdate":false,"showSkybox":false,"showFlares":false,"showImageEffects":false,"showParticleSystems":false},"in2DMode":false,"pivot":{"x":-4.109829902648926,"y":-25.332374572753908,"z":26.205976486206056},"rotation":{"x":0.32053887844085696,"y":0.14445997774600984,"z":-0.04952476546168327,"w":0.9348628520965576},"size":58.33631134033203,"orthographic":false}