{"cameraMode":{"drawMode":0,"name":"Shaded","section":"Shading Mode"},"sceneLighting":false,"audioPlay":false,"sceneViewState":{"showFog":true,"showMaterialUpdate":false,"showSkybox":true,"showFlares":true,"showImageEffects":true,"showParticleSystems":true},"in2DMode":false,"pivot":{"x":43.743385314941409,"y":39.12856674194336,"z":-100.82439422607422},"rotation":{"x":0.026679029688239099,"y":-0.024891726672649385,"z":-0.0006645225221291184,"w":-0.9993363618850708},"size":22.0,"orthographic":false}