{"cameraMode":{"drawMode":0,"name":"Shaded","section":"Shading Mode"},"sceneLighting":false,"audioPlay":false,"sceneViewState":{"showFog":false,"showMaterialUpdate":false,"showSkybox":false,"showFlares":false,"showImageEffects":false,"showParticleSystems":false},"in2DMode":false,"pivot":{"x":5.103592872619629,"y":15.107450485229493,"z":8.820222854614258},"rotation":{"x":-0.08648952841758728,"y":0.905846118927002,"z":-0.22485584020614625,"w":-0.34842854738235476},"size":16.344890594482423,"orthographic":false}