{"cameraMode":{"drawMode":0,"name":"Shaded","section":"Shading Mode"},"sceneLighting":false,"audioPlay":false,"sceneViewState":{"showFog":true,"showMaterialUpdate":false,"showSkybox":true,"showFlares":true,"showImageEffects":true,"showParticleSystems":true},"in2DMode":false,"pivot":{"x":6.100645065307617,"y":3.217250347137451,"z":-3.0371358394622804},"rotation":{"x":0.09262759238481522,"y":-0.20277121663093568,"z":0.01964220404624939,"w":0.9748344421386719},"size":6.6452484130859379,"orthographic":false}