{"cameraMode":{"drawMode":0,"name":"Shaded","section":"Shading Mode"},"sceneLighting":false,"audioPlay":false,"sceneViewState":{"showFog":true,"showMaterialUpdate":false,"showSkybox":true,"showFlares":true,"showImageEffects":true,"showParticleSystems":true},"in2DMode":false,"pivot":{"x":-11.618414878845215,"y":52.20576095581055,"z":95.13119506835938},"rotation":{"x":0.14277276396751405,"y":-0.11417365819215775,"z":0.017723040655255319,"w":0.9833688139915466},"size":10.277490615844727,"orthographic":false}