{"cameraMode":{"drawMode":0,"name":"Shaded","section":"Shading Mode"},"sceneLighting":false,"audioPlay":false,"sceneViewState":{"showFog":false,"showMaterialUpdate":false,"showSkybox":false,"showFlares":false,"showImageEffects":false,"showParticleSystems":false},"in2DMode":false,"pivot":{"x":-18.954654693603517,"y":34.429988861083987,"z":15.366509437561036},"rotation":{"x":0.2002323418855667,"y":-0.7541636228561401,"z":0.2659109830856323,"w":0.566242516040802},"size":34.58198547363281,"orthographic":false}