{"cameraMode":{"drawMode":0,"name":"Shaded","section":"Shading Mode"},"sceneLighting":false,"audioPlay":false,"sceneViewState":{"showFog":true,"showMaterialUpdate":false,"showSkybox":true,"showFlares":true,"showImageEffects":true,"showParticleSystems":true},"in2DMode":false,"pivot":{"x":-27.932649612426759,"y":7.588212490081787,"z":4.724826335906982},"rotation":{"x":-0.06807839125394821,"y":0.8083149790763855,"z":0.09635750949382782,"w":0.5777535438537598},"size":1.2124974727630616,"orthographic":false}