{"cameraMode":{"drawMode":0,"name":"Shaded","section":"Shading Mode"},"sceneLighting":false,"audioPlay":false,"sceneViewState":{"showFog":false,"showMaterialUpdate":false,"showSkybox":false,"showFlares":false,"showImageEffects":false,"showParticleSystems":false},"in2DMode":false,"pivot":{"x":22.26273536682129,"y":20.65977668762207,"z":10.037471771240235},"rotation":{"x":0.0011922387639060617,"y":-0.9954515695571899,"z":-0.09554573148488999,"w":-0.01127520389854908},"size":12.003072738647461,"orthographic":false}