{"cameraMode":{"drawMode":1,"name":"Wireframe","section":"Shading Mode"},"sceneLighting":true,"audioPlay":false,"sceneViewState":{"showFog":true,"showMaterialUpdate":false,"showSkybox":true,"showFlares":true,"showImageEffects":true,"showParticleSystems":true},"in2DMode":false,"pivot":{"x":6.885310173034668,"y":28.609363555908204,"z":40.04762268066406},"rotation":{"x":-0.03354787826538086,"y":0.9666804075241089,"z":0.18306268751621247,"w":0.17612828314304353},"size":22.0,"orthographic":false}