{"cameraMode":{"drawMode":0,"name":"Shaded","section":"Shading Mode"},"sceneLighting":false,"audioPlay":false,"sceneViewState":{"showFog":true,"showMaterialUpdate":false,"showSkybox":true,"showFlares":true,"showImageEffects":true,"showParticleSystems":true},"in2DMode":false,"pivot":{"x":92.36892700195313,"y":48.08332061767578,"z":23.823923110961915},"rotation":{"x":0.06841834634542465,"y":-0.8691544532775879,"z":0.12822093069553376,"w":0.4732069969177246},"size":2.8578836917877199,"orthographic":false}