{"cameraMode":{"drawMode":2,"name":"Shaded Wireframe","section":"Shading Mode"},"sceneLighting":false,"audioPlay":false,"sceneViewState":{"showFog":true,"showMaterialUpdate":false,"showSkybox":false,"showFlares":true,"showImageEffects":true,"showParticleSystems":true},"in2DMode":false,"pivot":{"x":7.379123210906982,"y":34.92524337768555,"z":15.251598358154297},"rotation":{"x":-0.17342010140419007,"y":0.016976838931441308,"z":-0.0038735284470021726,"w":-0.9848889112472534},"size":2.8578836917877199,"orthographic":false}