{"cameraMode":{"drawMode":0,"name":"Shaded","section":"Shading Mode"},"sceneLighting":false,"audioPlay":false,"sceneViewState":{"showFog":false,"showMaterialUpdate":false,"showSkybox":false,"showFlares":false,"showImageEffects":false,"showParticleSystems":false},"in2DMode":false,"pivot":{"x":-3.5999486446380617,"y":-9.938653945922852,"z":-13.863853454589844},"rotation":{"x":-0.00032795662991702557,"y":0.9616622924804688,"z":-0.2742506265640259,"w":-0.0011525361333042384},"size":18.701171875,"orthographic":false}