{"cameraMode":{"drawMode":0,"name":"Shaded","section":"Shading Mode"},"sceneLighting":true,"audioPlay":false,"sceneViewState":{"showFog":true,"showMaterialUpdate":false,"showSkybox":true,"showFlares":true,"showImageEffects":true,"showParticleSystems":true},"in2DMode":false,"pivot":{"x":45.83078384399414,"y":72.01647186279297,"z":26.689062118530275},"rotation":{"x":0.023114925250411035,"y":-0.971099853515625,"z":0.10407521575689316,"w":0.21371935307979585},"size":22.0,"orthographic":false}