{"cameraMode":{"drawMode":0,"name":"Shaded","section":"Shading Mode"},"sceneLighting":false,"audioPlay":false,"sceneViewState":{"showFog":true,"showMaterialUpdate":false,"showSkybox":true,"showFlares":true,"showImageEffects":true,"showParticleSystems":true},"in2DMode":false,"pivot":{"x":1.7065117359161378,"y":3.3093137741088869,"z":-4.433164596557617},"rotation":{"x":0.037499502301216128,"y":0.5961452126502991,"z":-0.028002912178635598,"w":0.8017370700836182},"size":4.041658401489258,"orthographic":false}