{"cameraMode":{"drawMode":0,"name":"Shaded","section":"Shading Mode"},"sceneLighting":false,"audioPlay":false,"sceneViewState":{"showFog":true,"showMaterialUpdate":false,"showSkybox":true,"showFlares":true,"showImageEffects":true,"showParticleSystems":true},"in2DMode":false,"pivot":{"x":37.783321380615237,"y":21.253311157226564,"z":-16.386491775512697},"rotation":{"x":-0.2581946849822998,"y":0.03390143811702728,"z":-0.009051336906850338,"w":-0.9654795527458191},"size":22.989999771118165,"orthographic":false}