{"cameraMode":{"drawMode":0,"name":"Shaded","section":"Shading Mode"},"sceneLighting":true,"audioPlay":false,"sceneViewState":{"showFog":true,"showMaterialUpdate":false,"showSkybox":true,"showFlares":true,"showImageEffects":true,"showParticleSystems":true},"in2DMode":false,"pivot":{"x":19.770231246948243,"y":50.58319091796875,"z":14.88539981842041},"rotation":{"x":-0.0172286219894886,"y":-0.6653327941894531,"z":-0.7462993264198303,"w":0.01546268630772829},"size":35.173797607421878,"orthographic":false}