{"cameraMode":{"drawMode":0,"name":"Shaded","section":"Shading Mode"},"sceneLighting":true,"audioPlay":false,"sceneViewState":{"showFog":true,"showMaterialUpdate":false,"showSkybox":true,"showFlares":true,"showImageEffects":true,"showParticleSystems":true},"in2DMode":false,"pivot":{"x":49.64690017700195,"y":-1001.8653564453125,"z":-3.70160174369812},"rotation":{"x":0.021704696118831636,"y":0.6976215839385986,"z":-0.021151529625058175,"w":0.7158610224723816},"size":75.070068359375,"orthographic":false}