{"cameraMode":{"drawMode":0,"name":"Shaded","section":"Shading Mode"},"sceneLighting":true,"audioPlay":false,"sceneViewState":{"showFog":true,"showMaterialUpdate":false,"showSkybox":true,"showFlares":true,"showImageEffects":true,"showParticleSystems":true},"in2DMode":false,"pivot":{"x":5.288114070892334,"y":-998.6226196289063,"z":-2.0088839530944826},"rotation":{"x":0.006549063138663769,"y":0.7106735110282898,"z":-0.006615793332457542,"w":0.7034656405448914},"size":42.603214263916019,"orthographic":false}