{"cameraMode":{"drawMode":0,"name":"Shaded","section":"Shading Mode"},"sceneLighting":true,"audioPlay":false,"sceneViewState":{"showFog":true,"showMaterialUpdate":false,"showSkybox":true,"showFlares":true,"showImageEffects":true,"showParticleSystems":true},"in2DMode":false,"pivot":{"x":49.538063049316409,"y":-1004.3748168945313,"z":-5.4127912521362309},"rotation":{"x":0.021704696118831636,"y":0.6976215839385986,"z":-0.021151529625058175,"w":0.7158610224723816},"size":93.2093734741211,"orthographic":false}