{"cameraMode":{"drawMode":0,"name":"Shaded","section":"Shading Mode"},"sceneLighting":true,"audioPlay":false,"sceneViewState":{"showFog":true,"showMaterialUpdate":false,"showSkybox":true,"showFlares":true,"showImageEffects":true,"showParticleSystems":true},"in2DMode":false,"pivot":{"x":-1.680760145187378,"y":-995.7722778320313,"z":-6.710175037384033},"rotation":{"x":-0.00812311377376318,"y":0.9294387102127075,"z":0.020647874101996423,"w":0.3683905303478241},"size":22.0,"orthographic":false}