{"cameraMode":{"drawMode":0,"name":"Shaded","section":"Shading Mode"},"sceneLighting":true,"audioPlay":false,"sceneViewState":{"showFog":true,"showMaterialUpdate":false,"showSkybox":true,"showFlares":true,"showImageEffects":true,"showParticleSystems":true},"in2DMode":false,"pivot":{"x":7.388173580169678,"y":-1004.6287231445313,"z":-5.778204441070557},"rotation":{"x":-0.1138528510928154,"y":-0.7912461757659912,"z":0.15536543726921082,"w":-0.5805186629295349},"size":19.821996688842775,"orthographic":false}