{"cameraMode":{"drawMode":0,"name":"Shaded","section":"Shading Mode"},"sceneLighting":true,"audioPlay":false,"sceneViewState":{"showFog":true,"showMaterialUpdate":false,"showSkybox":true,"showFlares":true,"showImageEffects":true,"showParticleSystems":true},"in2DMode":false,"pivot":{"x":6.788630485534668,"y":5.900938987731934,"z":12.222633361816407},"rotation":{"x":0.12648609280586244,"y":0.8729200959205627,"z":-0.3499820828437805,"w":0.3154790699481964},"size":17.239452362060548,"orthographic":false}